Title,Link,Date,Answered,User,Profile Link,Location,Reputation
ArcGIS incredibly slow when opening any toolbox tool,http://gis.stackexchange.com/questions/16655/arcgis-incredibly-slow-when-opening-any-toolbox-tool,12/08/15,True,robintw,http://gis.stackexchange.com/users/102/robintw,"England, United Kingdom",1809
Not all labels created in ArcGIS,http://gis.stackexchange.com/questions/16845/not-all-labels-created-in-arcgis,17/08/15,True,Stev_k,http://gis.stackexchange.com/users/217/stev-k,"London, United Kingdom",3520
Scriptable way to merge polylines that join in ArcGIS,http://gis.stackexchange.com/questions/5279/scriptable-way-to-merge-polylines-that-join-in-arcgis,12/08/15,True,robintw,http://gis.stackexchange.com/users/102/robintw,"England, United Kingdom",1809
ITopologicalOperator and Z Values,http://gis.stackexchange.com/questions/9915/itopologicaloperator-and-z-values,30/07/15,True,Vidar,http://gis.stackexchange.com/users/109/vidar,"England, United Kingdom",772
How to style OS VectorMap district data?,http://gis.stackexchange.com/questions/1010/how-to-style-os-vectormap-district-data,12/08/15,True,robintw,http://gis.stackexchange.com/users/102/robintw,"England, United Kingdom",1809
Using arcpy what is the most efficient way of projecting a selection from a large data set?,http://gis.stackexchange.com/questions/24266/using-arcpy-what-is-the-most-efficient-way-of-projecting-a-selection-from-a-larg,21/05/15,True,Cyrille,http://gis.stackexchange.com/users/7182/cyrille,"Beverley, England",130
Is it possible to create a new ArcGIS toolbar with new tools using Python?,http://gis.stackexchange.com/questions/32014/is-it-possible-to-create-a-new-arcgis-toolbar-with-new-tools-using-python,12/08/15,True,robintw,http://gis.stackexchange.com/users/102/robintw,"England, United Kingdom",1809
How to stop ArcGIS Python script printing warnings and other outputs to the console,http://gis.stackexchange.com/questions/308/how-to-stop-arcgis-python-script-printing-warnings-and-other-outputs-to-the-cons,12/08/15,True,robintw,http://gis.stackexchange.com/users/102/robintw,"England, United Kingdom",1809
How to set spatial reference to OSGB_1936_British_National_Grid in ArcGIS,http://gis.stackexchange.com/questions/16746/how-to-set-spatial-reference-to-osgb-1936-british-national-grid-in-arcgis,12/08/15,True,robintw,http://gis.stackexchange.com/users/102/robintw,"England, United Kingdom",1809
Reclass for vector data in ArcGIS,http://gis.stackexchange.com/questions/9668/reclass-for-vector-data-in-arcgis,12/08/15,True,robintw,http://gis.stackexchange.com/users/102/robintw,"England, United Kingdom",1809
Calculate spacing of polylines along transects in ArcGIS,http://gis.stackexchange.com/questions/5570/calculate-spacing-of-polylines-along-transects-in-arcgis,12/08/15,True,robintw,http://gis.stackexchange.com/users/102/robintw,"England, United Kingdom",1809
"How to sensibly digitise this raster, scriptably, in ArcGIS",http://gis.stackexchange.com/questions/5332/how-to-sensibly-digitise-this-raster-scriptably-in-arcgis,12/08/15,True,robintw,http://gis.stackexchange.com/users/102/robintw,"England, United Kingdom",1809
Running ArcGIS 10 Python script on a unix server - is it possible?,http://gis.stackexchange.com/questions/2376/running-arcgis-10-python-script-on-a-unix-server-is-it-possible,12/08/15,True,robintw,http://gis.stackexchange.com/users/102/robintw,"England, United Kingdom",1809
Why are my labels overlapping in ArcGIS 10?,http://gis.stackexchange.com/questions/3499/why-are-my-labels-overlapping-in-arcgis-10,17/08/15,True,Stev_k,http://gis.stackexchange.com/users/217/stev-k,"London, United Kingdom",3520
The mysteries of the ArcGIS Server Identity - can you help?,http://gis.stackexchange.com/questions/81/the-mysteries-of-the-arcgis-server-identity-can-you-help,30/07/15,True,Vidar,http://gis.stackexchange.com/users/109/vidar,"England, United Kingdom",772
ArcGIS incredibly slow when opening any toolbox tool,http://gis.stackexchange.com/questions/16655/arcgis-incredibly-slow-when-opening-any-toolbox-tool,12/08/15,True,robintw,http://gis.stackexchange.com/users/102/robintw,"England, United Kingdom",1809
Scriptable way to merge polylines that join in ArcGIS,http://gis.stackexchange.com/questions/5279/scriptable-way-to-merge-polylines-that-join-in-arcgis,12/08/15,True,robintw,http://gis.stackexchange.com/users/102/robintw,"England, United Kingdom",1809
How to style OS VectorMap district data?,http://gis.stackexchange.com/questions/1010/how-to-style-os-vectormap-district-data,12/08/15,True,robintw,http://gis.stackexchange.com/users/102/robintw,"England, United Kingdom",1809
Is it possible to create a new ArcGIS toolbar with new tools using Python?,http://gis.stackexchange.com/questions/32014/is-it-possible-to-create-a-new-arcgis-toolbar-with-new-tools-using-python,12/08/15,True,robintw,http://gis.stackexchange.com/users/102/robintw,"England, United Kingdom",1809
How to stop ArcGIS Python script printing warnings and other outputs to the console,http://gis.stackexchange.com/questions/308/how-to-stop-arcgis-python-script-printing-warnings-and-other-outputs-to-the-cons,12/08/15,True,robintw,http://gis.stackexchange.com/users/102/robintw,"England, United Kingdom",1809
How to set spatial reference to OSGB_1936_British_National_Grid in ArcGIS,http://gis.stackexchange.com/questions/16746/how-to-set-spatial-reference-to-osgb-1936-british-national-grid-in-arcgis,12/08/15,True,robintw,http://gis.stackexchange.com/users/102/robintw,"England, United Kingdom",1809
Reclass for vector data in ArcGIS,http://gis.stackexchange.com/questions/9668/reclass-for-vector-data-in-arcgis,12/08/15,True,robintw,http://gis.stackexchange.com/users/102/robintw,"England, United Kingdom",1809
Calculate spacing of polylines along transects in ArcGIS,http://gis.stackexchange.com/questions/5570/calculate-spacing-of-polylines-along-transects-in-arcgis,12/08/15,True,robintw,http://gis.stackexchange.com/users/102/robintw,"England, United Kingdom",1809
"How to sensibly digitise this raster, scriptably, in ArcGIS",http://gis.stackexchange.com/questions/5332/how-to-sensibly-digitise-this-raster-scriptably-in-arcgis,12/08/15,True,robintw,http://gis.stackexchange.com/users/102/robintw,"England, United Kingdom",1809
Running ArcGIS 10 Python script on a unix server - is it possible?,http://gis.stackexchange.com/questions/2376/running-arcgis-10-python-script-on-a-unix-server-is-it-possible,12/08/15,True,robintw,http://gis.stackexchange.com/users/102/robintw,"England, United Kingdom",1809
ArcGIS incredibly slow when opening any toolbox tool,http://gis.stackexchange.com/questions/16655/arcgis-incredibly-slow-when-opening-any-toolbox-tool,12/08/15,True,robintw,http://gis.stackexchange.com/users/102/robintw,"England, United Kingdom",1809
Scriptable way to merge polylines that join in ArcGIS,http://gis.stackexchange.com/questions/5279/scriptable-way-to-merge-polylines-that-join-in-arcgis,12/08/15,True,robintw,http://gis.stackexchange.com/users/102/robintw,"England, United Kingdom",1809
How to style OS VectorMap district data?,http://gis.stackexchange.com/questions/1010/how-to-style-os-vectormap-district-data,12/08/15,True,robintw,http://gis.stackexchange.com/users/102/robintw,"England, United Kingdom",1809
Is it possible to create a new ArcGIS toolbar with new tools using Python?,http://gis.stackexchange.com/questions/32014/is-it-possible-to-create-a-new-arcgis-toolbar-with-new-tools-using-python,12/08/15,True,robintw,http://gis.stackexchange.com/users/102/robintw,"England, United Kingdom",1809
How to stop ArcGIS Python script printing warnings and other outputs to the console,http://gis.stackexchange.com/questions/308/how-to-stop-arcgis-python-script-printing-warnings-and-other-outputs-to-the-cons,12/08/15,True,robintw,http://gis.stackexchange.com/users/102/robintw,"England, United Kingdom",1809
How to set spatial reference to OSGB_1936_British_National_Grid in ArcGIS,http://gis.stackexchange.com/questions/16746/how-to-set-spatial-reference-to-osgb-1936-british-national-grid-in-arcgis,12/08/15,True,robintw,http://gis.stackexchange.com/users/102/robintw,"England, United Kingdom",1809
Reclass for vector data in ArcGIS,http://gis.stackexchange.com/questions/9668/reclass-for-vector-data-in-arcgis,12/08/15,True,robintw,http://gis.stackexchange.com/users/102/robintw,"England, United Kingdom",1809
Calculate spacing of polylines along transects in ArcGIS,http://gis.stackexchange.com/questions/5570/calculate-spacing-of-polylines-along-transects-in-arcgis,12/08/15,True,robintw,http://gis.stackexchange.com/users/102/robintw,"England, United Kingdom",1809
"How to sensibly digitise this raster, scriptably, in ArcGIS",http://gis.stackexchange.com/questions/5332/how-to-sensibly-digitise-this-raster-scriptably-in-arcgis,12/08/15,True,robintw,http://gis.stackexchange.com/users/102/robintw,"England, United Kingdom",1809
Running ArcGIS 10 Python script on a unix server - is it possible?,http://gis.stackexchange.com/questions/2376/running-arcgis-10-python-script-on-a-unix-server-is-it-possible,12/08/15,True,robintw,http://gis.stackexchange.com/users/102/robintw,"England, United Kingdom",1809
Failure to Delete Vector File from Personal Geodatabase - ArcGIS 9.3,http://gis.stackexchange.com/questions/21046/failure-to-delete-vector-file-from-personal-geodatabase-arcgis-9-3,26/05/15,True,the_bonze,http://gis.stackexchange.com/users/4420/the-bonze,"Bath, United Kingdom",349
Moving an Annotation Layer inside a Group Layer Crashes ArcMap,http://gis.stackexchange.com/questions/20594/moving-an-annotation-layer-inside-a-group-layer-crashes-arcmap,12/08/15,False,phearnix,http://gis.stackexchange.com/users/1651/phearnix,"Nottingham, United Kingdom",196
Developing ArcPad 10 forms with Visual Studio,http://gis.stackexchange.com/questions/2257/developing-arcpad-10-forms-with-visual-studio,08/10/14,True,Sivakanesh,http://gis.stackexchange.com/users/655/sivakanesh,United Kingdom,125
ArcGIS incredibly slow when opening any toolbox tool,http://gis.stackexchange.com/questions/16655/arcgis-incredibly-slow-when-opening-any-toolbox-tool,12/08/15,True,robintw,http://gis.stackexchange.com/users/102/robintw,"England, United Kingdom",1809
Scriptable way to merge polylines that join in ArcGIS,http://gis.stackexchange.com/questions/5279/scriptable-way-to-merge-polylines-that-join-in-arcgis,12/08/15,True,robintw,http://gis.stackexchange.com/users/102/robintw,"England, United Kingdom",1809
How to style OS VectorMap district data?,http://gis.stackexchange.com/questions/1010/how-to-style-os-vectormap-district-data,12/08/15,True,robintw,http://gis.stackexchange.com/users/102/robintw,"England, United Kingdom",1809
Is it possible to create a new ArcGIS toolbar with new tools using Python?,http://gis.stackexchange.com/questions/32014/is-it-possible-to-create-a-new-arcgis-toolbar-with-new-tools-using-python,12/08/15,True,robintw,http://gis.stackexchange.com/users/102/robintw,"England, United Kingdom",1809
How to stop ArcGIS Python script printing warnings and other outputs to the console,http://gis.stackexchange.com/questions/308/how-to-stop-arcgis-python-script-printing-warnings-and-other-outputs-to-the-cons,12/08/15,True,robintw,http://gis.stackexchange.com/users/102/robintw,"England, United Kingdom",1809
"ArcGIS 10 MapControls in MS Access, can it be done?",http://gis.stackexchange.com/questions/18427/arcgis-10-mapcontrols-in-ms-access-can-it-be-done,17/08/15,True,Hornbydd,http://gis.stackexchange.com/users/934/hornbydd,"Southampton, United Kingdom",10171
How to set spatial reference to OSGB_1936_British_National_Grid in ArcGIS,http://gis.stackexchange.com/questions/16746/how-to-set-spatial-reference-to-osgb-1936-british-national-grid-in-arcgis,12/08/15,True,robintw,http://gis.stackexchange.com/users/102/robintw,"England, United Kingdom",1809
Migrating Feature Datasets from ArcSDE to postgis,http://gis.stackexchange.com/questions/16618/migrating-feature-datasets-from-arcsde-to-postgis,17/08/15,True,Stevetech,http://gis.stackexchange.com/users/4737/stevetech,"England, UK",466
How to calculate parameters for SQLServer raster to ESRI grid script?,http://gis.stackexchange.com/questions/16015/how-to-calculate-parameters-for-sqlserver-raster-to-esri-grid-script,22/07/15,True,csetzkorn,http://gis.stackexchange.com/users/4558/csetzkorn,"Liverpool, United Kingdom",195
"Controlling &quot;Fill Properties&quot; in ArcGIS, so that that symbols are visible in the legend",http://gis.stackexchange.com/questions/11412/controlling-fill-properties-in-arcgis-so-that-that-symbols-are-visible-in-the,19/12/12,True,enmapping,http://gis.stackexchange.com/users/1106/enmapping,United Kingdom,369
Reclass for vector data in ArcGIS,http://gis.stackexchange.com/questions/9668/reclass-for-vector-data-in-arcgis,12/08/15,True,robintw,http://gis.stackexchange.com/users/102/robintw,"England, United Kingdom",1809
Calculate spacing of polylines along transects in ArcGIS,http://gis.stackexchange.com/questions/5570/calculate-spacing-of-polylines-along-transects-in-arcgis,12/08/15,True,robintw,http://gis.stackexchange.com/users/102/robintw,"England, United Kingdom",1809
"How to sensibly digitise this raster, scriptably, in ArcGIS",http://gis.stackexchange.com/questions/5332/how-to-sensibly-digitise-this-raster-scriptably-in-arcgis,12/08/15,True,robintw,http://gis.stackexchange.com/users/102/robintw,"England, United Kingdom",1809
Running ArcGIS 10 Python script on a unix server - is it possible?,http://gis.stackexchange.com/questions/2376/running-arcgis-10-python-script-on-a-unix-server-is-it-possible,12/08/15,True,robintw,http://gis.stackexchange.com/users/102/robintw,"England, United Kingdom",1809
bulk upload shp to postgis,http://gis.stackexchange.com/questions/12860/bulk-upload-shp-to-postgis,03/08/15,True,geosmiles,http://gis.stackexchange.com/users/3628/geosmiles,"Surrey, United Kingdom",513
Performance of Picture Marker Vs Character Marker (font),http://gis.stackexchange.com/questions/11639/performance-of-picture-marker-vs-character-marker-font,30/06/11,True,Rob Clark,http://gis.stackexchange.com/users/1684/rob-clark,United Kingdom,949
Fastest way to create an ESRI Grid and populate cell values?,http://gis.stackexchange.com/questions/9441/fastest-way-to-create-an-esri-grid-and-populate-cell-values,30/06/11,True,Rob Clark,http://gis.stackexchange.com/users/1684/rob-clark,United Kingdom,949
ArcGIS incredibly slow when opening any toolbox tool,http://gis.stackexchange.com/questions/16655/arcgis-incredibly-slow-when-opening-any-toolbox-tool,12/08/15,True,robintw,http://gis.stackexchange.com/users/102/robintw,"England, United Kingdom",1809
Scriptable way to merge polylines that join in ArcGIS,http://gis.stackexchange.com/questions/5279/scriptable-way-to-merge-polylines-that-join-in-arcgis,12/08/15,True,robintw,http://gis.stackexchange.com/users/102/robintw,"England, United Kingdom",1809
How to style OS VectorMap district data?,http://gis.stackexchange.com/questions/1010/how-to-style-os-vectormap-district-data,12/08/15,True,robintw,http://gis.stackexchange.com/users/102/robintw,"England, United Kingdom",1809
Is it possible to create a new ArcGIS toolbar with new tools using Python?,http://gis.stackexchange.com/questions/32014/is-it-possible-to-create-a-new-arcgis-toolbar-with-new-tools-using-python,12/08/15,True,robintw,http://gis.stackexchange.com/users/102/robintw,"England, United Kingdom",1809
How to stop ArcGIS Python script printing warnings and other outputs to the console,http://gis.stackexchange.com/questions/308/how-to-stop-arcgis-python-script-printing-warnings-and-other-outputs-to-the-cons,12/08/15,True,robintw,http://gis.stackexchange.com/users/102/robintw,"England, United Kingdom",1809
How to set spatial reference to OSGB_1936_British_National_Grid in ArcGIS,http://gis.stackexchange.com/questions/16746/how-to-set-spatial-reference-to-osgb-1936-british-national-grid-in-arcgis,12/08/15,True,robintw,http://gis.stackexchange.com/users/102/robintw,"England, United Kingdom",1809
Performance of Picture Marker Vs Character Marker (font),http://gis.stackexchange.com/questions/11639/performance-of-picture-marker-vs-character-marker-font,30/06/11,True,Rob Clark,http://gis.stackexchange.com/users/1684/rob-clark,United Kingdom,949
ArcGIS Viewer for Flex - adding operational layers,http://gis.stackexchange.com/questions/10746/arcgis-viewer-for-flex-adding-operational-layers,23/01/14,True,Magda,http://gis.stackexchange.com/users/3260/magda,"Guildford, United Kingdom",150
Fastest way to create an ESRI Grid and populate cell values?,http://gis.stackexchange.com/questions/9441/fastest-way-to-create-an-esri-grid-and-populate-cell-values,30/06/11,True,Rob Clark,http://gis.stackexchange.com/users/1684/rob-clark,United Kingdom,949
Reclass for vector data in ArcGIS,http://gis.stackexchange.com/questions/9668/reclass-for-vector-data-in-arcgis,12/08/15,True,robintw,http://gis.stackexchange.com/users/102/robintw,"England, United Kingdom",1809
Calculate spacing of polylines along transects in ArcGIS,http://gis.stackexchange.com/questions/5570/calculate-spacing-of-polylines-along-transects-in-arcgis,12/08/15,True,robintw,http://gis.stackexchange.com/users/102/robintw,"England, United Kingdom",1809
"How to sensibly digitise this raster, scriptably, in ArcGIS",http://gis.stackexchange.com/questions/5332/how-to-sensibly-digitise-this-raster-scriptably-in-arcgis,12/08/15,True,robintw,http://gis.stackexchange.com/users/102/robintw,"England, United Kingdom",1809
Running ArcGIS 10 Python script on a unix server - is it possible?,http://gis.stackexchange.com/questions/2376/running-arcgis-10-python-script-on-a-unix-server-is-it-possible,12/08/15,True,robintw,http://gis.stackexchange.com/users/102/robintw,"England, United Kingdom",1809
ArcGIS incredibly slow when opening any toolbox tool,http://gis.stackexchange.com/questions/16655/arcgis-incredibly-slow-when-opening-any-toolbox-tool,12/08/15,True,robintw,http://gis.stackexchange.com/users/102/robintw,"England, United Kingdom",1809
Not all labels created in ArcGIS,http://gis.stackexchange.com/questions/16845/not-all-labels-created-in-arcgis,17/08/15,True,Stev_k,http://gis.stackexchange.com/users/217/stev-k,"London, United Kingdom",3520
Scriptable way to merge polylines that join in ArcGIS,http://gis.stackexchange.com/questions/5279/scriptable-way-to-merge-polylines-that-join-in-arcgis,12/08/15,True,robintw,http://gis.stackexchange.com/users/102/robintw,"England, United Kingdom",1809
ITopologicalOperator and Z Values,http://gis.stackexchange.com/questions/9915/itopologicaloperator-and-z-values,30/07/15,True,Vidar,http://gis.stackexchange.com/users/109/vidar,"England, United Kingdom",772
How to style OS VectorMap district data?,http://gis.stackexchange.com/questions/1010/how-to-style-os-vectormap-district-data,12/08/15,True,robintw,http://gis.stackexchange.com/users/102/robintw,"England, United Kingdom",1809
Is it possible to create a new ArcGIS toolbar with new tools using Python?,http://gis.stackexchange.com/questions/32014/is-it-possible-to-create-a-new-arcgis-toolbar-with-new-tools-using-python,12/08/15,True,robintw,http://gis.stackexchange.com/users/102/robintw,"England, United Kingdom",1809
How to stop ArcGIS Python script printing warnings and other outputs to the console,http://gis.stackexchange.com/questions/308/how-to-stop-arcgis-python-script-printing-warnings-and-other-outputs-to-the-cons,12/08/15,True,robintw,http://gis.stackexchange.com/users/102/robintw,"England, United Kingdom",1809
How to set spatial reference to OSGB_1936_British_National_Grid in ArcGIS,http://gis.stackexchange.com/questions/16746/how-to-set-spatial-reference-to-osgb-1936-british-national-grid-in-arcgis,12/08/15,True,robintw,http://gis.stackexchange.com/users/102/robintw,"England, United Kingdom",1809
Reclass for vector data in ArcGIS,http://gis.stackexchange.com/questions/9668/reclass-for-vector-data-in-arcgis,12/08/15,True,robintw,http://gis.stackexchange.com/users/102/robintw,"England, United Kingdom",1809
Calculate spacing of polylines along transects in ArcGIS,http://gis.stackexchange.com/questions/5570/calculate-spacing-of-polylines-along-transects-in-arcgis,12/08/15,True,robintw,http://gis.stackexchange.com/users/102/robintw,"England, United Kingdom",1809
"How to sensibly digitise this raster, scriptably, in ArcGIS",http://gis.stackexchange.com/questions/5332/how-to-sensibly-digitise-this-raster-scriptably-in-arcgis,12/08/15,True,robintw,http://gis.stackexchange.com/users/102/robintw,"England, United Kingdom",1809
ArcGIS 10 British National Grid Transformation,http://gis.stackexchange.com/questions/4292/arcgis-10-british-national-grid-transformation,17/08/15,True,Matthew Snape,http://gis.stackexchange.com/users/427/matthew-snape,"Oxford, United Kingdom",4183
Running ArcGIS 10 Python script on a unix server - is it possible?,http://gis.stackexchange.com/questions/2376/running-arcgis-10-python-script-on-a-unix-server-is-it-possible,12/08/15,True,robintw,http://gis.stackexchange.com/users/102/robintw,"England, United Kingdom",1809
Why are my labels overlapping in ArcGIS 10?,http://gis.stackexchange.com/questions/3499/why-are-my-labels-overlapping-in-arcgis-10,17/08/15,True,Stev_k,http://gis.stackexchange.com/users/217/stev-k,"London, United Kingdom",3520
The mysteries of the ArcGIS Server Identity - can you help?,http://gis.stackexchange.com/questions/81/the-mysteries-of-the-arcgis-server-identity-can-you-help,30/07/15,True,Vidar,http://gis.stackexchange.com/users/109/vidar,"England, United Kingdom",772
